{
    "pop_size" : [20000],
    "total_len" : [100000],
    "recomb_rate" : [0.00005, 0.000075, 0.0001, 0.000125, 0.00015, 0.000175, 0.0002],
    "seed" : [4334892,987321,1389743],
    "nbchr" : [36],
    "nb_gen" : [200000],
    "init_nb_indiv" : [1,2,20,200,2000,20000]
}
